Video,Frame,Geese Count
goose.mp4,1,38
goose.mp4,2,36
goose.mp4,3,41
goose.mp4,4,41
goose.mp4,5,42
goose.mp4,6,42
goose.mp4,7,39
goose.mp4,8,40
goose.mp4,9,38
goose.mp4,10,39
goose.mp4,11,40
goose.mp4,12,46
goose.mp4,13,40
goose.mp4,14,41
goose.mp4,15,44
goose.mp4,16,44
goose.mp4,17,48
goose.mp4,18,42
goose.mp4,19,42
goose.mp4,20,45
goose.mp4,21,48
goose.mp4,22,44
goose.mp4,23,39
goose.mp4,24,41
goose.mp4,25,46
goose.mp4,26,44
goose.mp4,27,41
goose.mp4,28,38
goose.mp4,29,39
goose.mp4,30,43
goose.mp4,31,44
goose.mp4,32,42
goose.mp4,33,39
goose.mp4,34,44
goose.mp4,35,50
goose.mp4,36,45
goose.mp4,37,43
goose.mp4,38,39
goose.mp4,39,46
goose.mp4,40,48
goose.mp4,41,46
goose.mp4,42,51
goose.mp4,43,47
goose.mp4,44,52
goose.mp4,45,51
goose.mp4,46,52
goose.mp4,47,48
goose.mp4,48,46
goose.mp4,49,45
goose.mp4,50,45
goose.mp4,51,44
goose.mp4,52,47
goose.mp4,53,47
goose.mp4,54,42
goose.mp4,55,41
goose.mp4,56,43
goose.mp4,57,38
goose.mp4,58,40
goose.mp4,59,35
goose.mp4,60,44
goose.mp4,61,44
goose.mp4,62,44
goose.mp4,63,44
goose.mp4,64,38
goose.mp4,65,43
goose.mp4,66,42
goose.mp4,67,36
goose.mp4,68,34
goose.mp4,69,31
goose.mp4,70,34
goose.mp4,71,36
goose.mp4,72,40
goose.mp4,73,37
goose.mp4,74,34
goose.mp4,75,32
goose.mp4,76,31
goose.mp4,77,32
goose.mp4,78,28
goose.mp4,79,29
goose.mp4,80,32
goose.mp4,81,32
goose.mp4,82,37
goose.mp4,83,36
goose.mp4,84,40
goose.mp4,85,40
goose.mp4,86,41
goose.mp4,87,37
goose.mp4,88,37
goose.mp4,89,38
goose.mp4,90,33
goose.mp4,91,36
goose.mp4,92,35
goose.mp4,93,42
goose.mp4,94,37
goose.mp4,95,41
goose.mp4,96,41
goose.mp4,97,39
goose.mp4,98,38
goose.mp4,99,40
goose.mp4,100,42
goose.mp4,101,43
goose.mp4,102,42
goose.mp4,103,38
goose.mp4,104,42
goose.mp4,105,40
goose.mp4,106,40
goose.mp4,107,37
goose.mp4,108,37
goose.mp4,109,44
goose.mp4,110,41
goose.mp4,111,41
goose.mp4,112,35
goose.mp4,113,36
goose.mp4,114,37
goose.mp4,115,36
goose.mp4,116,33
goose.mp4,117,37
goose.mp4,118,38
goose.mp4,119,36
goose.mp4,120,38
goose.mp4,121,36
goose.mp4,122,35
goose.mp4,123,30
goose.mp4,124,31
goose.mp4,125,35
goose.mp4,126,33
goose.mp4,127,36
goose.mp4,128,34
goose.mp4,129,34
goose.mp4,130,39
goose.mp4,131,37
goose.mp4,132,40
goose.mp4,133,37
goose.mp4,134,38
goose.mp4,135,43
goose.mp4,136,43
goose.mp4,137,37
goose.mp4,138,36
goose.mp4,139,38
goose.mp4,140,40
goose.mp4,141,40
goose.mp4,142,38
goose.mp4,143,41
goose.mp4,144,40
goose.mp4,145,46
goose.mp4,146,46
goose.mp4,147,43
goose.mp4,148,43
goose.mp4,149,43
goose.mp4,150,47
goose.mp4,151,47
goose.mp4,152,47
goose.mp4,153,43
goose.mp4,154,48
goose.mp4,155,47
goose.mp4,156,46
goose.mp4,157,50
goose.mp4,158,39
goose.mp4,159,42
goose.mp4,160,42
goose.mp4,161,43
goose.mp4,162,42
goose.mp4,163,41
goose.mp4,164,44
goose.mp4,165,40
goose.mp4,166,40
goose.mp4,167,45
goose.mp4,168,38
goose.mp4,169,48
goose.mp4,170,49
goose.mp4,171,4
goose.mp4,172,3
goose.mp4,173,3
goose.mp4,174,3
goose.mp4,175,3
goose.mp4,176,3
goose.mp4,177,3
goose.mp4,178,3
goose.mp4,179,4
goose.mp4,180,4
goose.mp4,181,4
goose.mp4,182,3
goose.mp4,183,3
goose.mp4,184,4
goose.mp4,185,4
goose.mp4,186,4
goose.mp4,187,2
goose.mp4,188,4
goose.mp4,189,4
goose.mp4,190,4
goose.mp4,191,5
goose.mp4,192,4
goose.mp4,193,4
goose.mp4,194,4
goose.mp4,195,4
goose.mp4,196,5
goose.mp4,197,4
goose.mp4,198,4
goose.mp4,199,3
goose.mp4,200,3
goose.mp4,201,3
goose.mp4,202,3
goose.mp4,203,3
goose.mp4,204,4
goose.mp4,205,4
goose.mp4,206,4
goose.mp4,207,4
goose.mp4,208,3
goose.mp4,209,4
goose.mp4,210,3
goose.mp4,211,3
goose.mp4,212,4
goose.mp4,213,3
goose.mp4,214,3
goose.mp4,215,3
goose.mp4,216,3
goose.mp4,217,3
goose.mp4,218,3
goose.mp4,219,3
goose.mp4,220,3
goose.mp4,221,3
goose.mp4,222,4
goose.mp4,223,3
goose.mp4,224,3
goose.mp4,225,3
goose.mp4,226,3
goose.mp4,227,2
goose.mp4,228,3
goose.mp4,229,3
goose.mp4,230,2
goose.mp4,231,2
goose.mp4,232,2
goose.mp4,233,2
goose.mp4,234,2
goose.mp4,235,2
goose.mp4,236,2
goose.mp4,237,2
goose.mp4,238,2
goose.mp4,239,2
goose.mp4,240,2
goose.mp4,241,2
goose.mp4,242,2
goose.mp4,243,2
goose.mp4,244,2
goose.mp4,245,2
goose.mp4,246,2
goose.mp4,247,2
goose.mp4,248,2
goose.mp4,249,2
goose.mp4,250,2
goose.mp4,251,2
goose.mp4,252,2
goose.mp4,253,2
goose.mp4,254,2
goose.mp4,255,2
goose.mp4,256,2
goose.mp4,257,2
goose.mp4,258,2
goose.mp4,259,2
goose.mp4,260,2
goose.mp4,261,2
goose.mp4,262,2
goose.mp4,263,2
goose.mp4,264,2
goose.mp4,265,2
goose.mp4,266,2
goose.mp4,267,2
goose.mp4,268,2
goose.mp4,269,2
goose.mp4,270,2
goose.mp4,271,2
goose.mp4,272,2
goose.mp4,273,2
goose.mp4,274,2
goose.mp4,275,2
goose.mp4,276,2
goose.mp4,277,2
goose.mp4,278,2
goose.mp4,279,2
goose.mp4,280,2
goose.mp4,281,2
goose.mp4,282,2
goose.mp4,283,2
goose.mp4,284,2
goose.mp4,285,2
goose.mp4,286,2
goose.mp4,287,2
goose.mp4,288,2
goose.mp4,289,2
goose.mp4,290,2
goose.mp4,291,2
goose.mp4,292,2
goose.mp4,293,2
goose.mp4,294,2
goose.mp4,295,2
goose.mp4,296,1
goose.mp4,297,0
goose.mp4,298,0
goose.mp4,299,0
goose.mp4,300,0
goose.mp4,301,0
goose.mp4,302,0
goose.mp4,303,0
goose.mp4,304,1
goose.mp4,305,0
goose.mp4,306,1
goose.mp4,307,1
goose.mp4,308,1
goose.mp4,309,1
goose.mp4,310,0
goose.mp4,311,0
goose.mp4,312,0
goose.mp4,313,0
goose.mp4,314,0
goose.mp4,315,0
goose.mp4,316,0
goose.mp4,317,0
goose.mp4,318,0
goose.mp4,319,0
goose.mp4,320,1
goose.mp4,321,1
goose.mp4,322,1
goose.mp4,323,1
goose.mp4,324,1
goose.mp4,325,1
goose.mp4,326,1
goose.mp4,327,0
goose.mp4,328,0
goose.mp4,329,0
goose.mp4,330,0
goose.mp4,331,0
goose.mp4,332,1
goose.mp4,333,1
goose.mp4,334,1
goose.mp4,335,1
goose.mp4,336,1
goose.mp4,337,1
goose.mp4,338,1
goose.mp4,339,1
goose.mp4,340,1
goose.mp4,341,0
goose.mp4,342,0
goose.mp4,343,0
goose.mp4,344,0
goose.mp4,345,0
goose.mp4,346,0
goose.mp4,347,1
goose.mp4,348,1
goose.mp4,349,1
goose.mp4,350,1
goose.mp4,351,0
goose.mp4,352,0
goose.mp4,353,0
goose.mp4,354,0
goose.mp4,355,0
goose.mp4,356,0
goose.mp4,357,1
goose.mp4,358,1
goose.mp4,359,1
goose.mp4,360,1
goose.mp4,361,2
goose.mp4,362,1
goose.mp4,363,2
goose.mp4,364,0
goose.mp4,365,1
goose.mp4,366,1
goose.mp4,367,1
goose.mp4,368,1
goose.mp4,369,1
goose.mp4,370,1
goose.mp4,371,1
goose.mp4,372,1
goose.mp4,373,1
goose.mp4,374,2
goose.mp4,375,2
goose.mp4,376,1
goose.mp4,377,1
goose.mp4,378,1
goose.mp4,379,1
goose.mp4,380,1
goose.mp4,381,0
goose.mp4,382,1
goose.mp4,383,1
goose.mp4,384,2
goose.mp4,385,2
goose.mp4,386,2
goose.mp4,387,1
goose.mp4,388,0
goose.mp4,389,0
goose.mp4,390,1
goose.mp4,391,1
goose.mp4,392,0
goose.mp4,393,0
goose.mp4,394,0
goose.mp4,395,1
goose.mp4,396,1
goose.mp4,397,1
goose.mp4,398,1
goose.mp4,399,1
goose.mp4,400,0
goose.mp4,401,1
goose.mp4,402,0
goose.mp4,403,0
goose.mp4,404,0
goose.mp4,405,0
goose.mp4,406,0
goose.mp4,407,0
goose.mp4,408,0
goose.mp4,409,0
goose.mp4,410,0
goose.mp4,411,0
goose.mp4,412,0
goose.mp4,413,0
goose.mp4,414,0
goose.mp4,415,0
goose.mp4,416,0
goose.mp4,417,0
goose.mp4,418,0
goose.mp4,419,0
goose.mp4,420,0
goose.mp4,421,0
goose.mp4,422,0
goose.mp4,423,0
goose.mp4,424,0
goose.mp4,425,0
goose.mp4,426,1
goose.mp4,427,1
goose.mp4,428,1
goose.mp4,429,1
goose.mp4,430,1
goose.mp4,431,1
goose.mp4,432,1
goose.mp4,433,2
goose.mp4,434,2
goose.mp4,435,2
goose.mp4,436,1
goose.mp4,437,1
goose.mp4,438,1
goose.mp4,439,0
goose.mp4,440,0
goose.mp4,441,0
goose.mp4,442,0
goose.mp4,443,1
goose.mp4,444,0
goose.mp4,445,0
goose.mp4,446,1
goose.mp4,447,1
goose.mp4,448,0
goose.mp4,449,0
goose.mp4,450,1
goose.mp4,451,0
goose.mp4,452,0
goose.mp4,453,0
goose.mp4,454,0
goose.mp4,455,2
goose.mp4,456,4
goose.mp4,457,4
goose.mp4,458,2
goose.mp4,459,1
goose.mp4,460,1
goose.mp4,461,1
goose.mp4,462,1
goose.mp4,463,1
goose.mp4,464,1
goose.mp4,465,2
goose.mp4,466,4
goose.mp4,467,4
goose.mp4,468,3
goose.mp4,469,3
goose.mp4,470,3
goose.mp4,471,4
goose.mp4,472,4
goose.mp4,473,4
goose.mp4,474,5
goose.mp4,475,4
goose.mp4,476,4
goose.mp4,477,4
goose.mp4,478,4
goose.mp4,479,1
goose.mp4,480,3
goose.mp4,481,1
goose.mp4,482,1
goose.mp4,483,1
goose.mp4,484,1
goose.mp4,485,1
goose.mp4,486,0
goose.mp4,487,1
goose.mp4,488,1
goose.mp4,489,2
goose.mp4,490,1
goose.mp4,491,1
goose.mp4,492,1
goose.mp4,493,1
goose.mp4,494,1
goose.mp4,495,0
goose.mp4,496,0
goose.mp4,497,1
goose.mp4,498,1
goose.mp4,499,2
goose.mp4,500,2
goose.mp4,501,2
goose.mp4,502,2
goose.mp4,503,2
goose.mp4,504,2
goose.mp4,505,3
goose.mp4,506,4
goose.mp4,507,1
goose.mp4,508,2
goose.mp4,509,1
goose.mp4,510,2
goose.mp4,511,2
goose.mp4,512,1
goose.mp4,513,1
goose.mp4,514,1
goose.mp4,515,1
goose.mp4,516,2
goose.mp4,517,1
goose.mp4,518,1
goose.mp4,519,1
goose.mp4,520,1
goose.mp4,521,2
goose.mp4,522,1
goose.mp4,523,1
goose.mp4,524,1
goose.mp4,525,1
goose.mp4,526,1
goose.mp4,527,1
goose.mp4,528,1
goose.mp4,529,1
goose.mp4,530,2
goose.mp4,531,1
goose.mp4,532,1
goose.mp4,533,1
goose.mp4,534,0
goose.mp4,535,1
goose.mp4,536,1
goose.mp4,537,1
goose.mp4,538,2
goose.mp4,539,0
goose.mp4,540,2
goose.mp4,541,1
goose.mp4,542,0
goose.mp4,543,0
goose.mp4,544,1
goose.mp4,545,1
goose.mp4,546,2
goose.mp4,547,1
goose.mp4,548,1
goose.mp4,549,0
goose.mp4,550,1
goose.mp4,551,1
goose.mp4,552,1
goose.mp4,553,1
goose.mp4,554,0
goose.mp4,555,0
goose.mp4,556,0
goose.mp4,557,0
goose.mp4,558,1
goose.mp4,559,1
goose.mp4,560,1
goose.mp4,561,1
goose.mp4,562,1
goose.mp4,563,2
goose.mp4,564,5
goose.mp4,565,3
goose.mp4,566,3
goose.mp4,567,3
goose.mp4,568,4
goose.mp4,569,6
goose.mp4,570,6
goose.mp4,571,5
goose.mp4,572,5
goose.mp4,573,6
goose.mp4,574,6
goose.mp4,575,6
goose.mp4,576,3
goose.mp4,577,3
goose.mp4,578,4
goose.mp4,579,5
goose.mp4,580,8
goose.mp4,581,7
goose.mp4,582,8
goose.mp4,583,8
goose.mp4,584,8
goose.mp4,585,7
goose.mp4,586,6
goose.mp4,587,6
goose.mp4,588,4
goose.mp4,589,6
goose.mp4,590,7
goose.mp4,591,8
goose.mp4,592,8
goose.mp4,593,7
goose.mp4,594,9
goose.mp4,595,9
goose.mp4,596,8
goose.mp4,597,8
goose.mp4,598,10
goose.mp4,599,7
goose.mp4,600,9
goose.mp4,601,10
goose.mp4,602,10
goose.mp4,603,10
goose.mp4,604,9
goose.mp4,605,9
goose.mp4,606,7
goose.mp4,607,7
goose.mp4,608,9
goose.mp4,609,9
goose.mp4,610,7
goose.mp4,611,7
goose.mp4,612,6
goose.mp4,613,6
goose.mp4,614,6
goose.mp4,615,8
goose.mp4,616,9
goose.mp4,617,8
goose.mp4,618,7
goose.mp4,619,7
goose.mp4,620,6
goose.mp4,621,5
goose.mp4,622,5
goose.mp4,623,4
goose.mp4,624,7
goose.mp4,625,6
goose.mp4,626,6
goose.mp4,627,6
goose.mp4,628,6
goose.mp4,629,9
goose.mp4,630,5
goose.mp4,631,6
goose.mp4,632,6
goose.mp4,633,5
goose.mp4,634,6
goose.mp4,635,4
goose.mp4,636,6
goose.mp4,637,5
goose.mp4,638,3
goose.mp4,639,6
goose.mp4,640,8
goose.mp4,641,9
goose.mp4,642,10
goose.mp4,643,9
goose.mp4,644,4
goose.mp4,645,7
goose.mp4,646,6
goose.mp4,647,5
goose.mp4,648,6
goose.mp4,649,6
goose.mp4,650,6
goose.mp4,651,9
goose.mp4,652,8
goose.mp4,653,8
goose.mp4,654,7
goose.mp4,655,7
goose.mp4,656,7
goose.mp4,657,7
goose.mp4,658,7
goose.mp4,659,6
goose.mp4,660,5
goose.mp4,661,6
goose.mp4,662,6
goose.mp4,663,7
goose.mp4,664,8
goose.mp4,665,7
goose.mp4,666,7
goose.mp4,667,7
goose.mp4,668,4
goose.mp4,669,5
goose.mp4,670,5
goose.mp4,671,5
goose.mp4,672,5
goose.mp4,673,6
goose.mp4,674,6
goose.mp4,675,4
goose.mp4,676,4
goose.mp4,677,4
goose.mp4,678,2
goose.mp4,679,4
goose.mp4,680,3
goose.mp4,681,5
goose.mp4,682,5
goose.mp4,683,7
goose.mp4,684,7
goose.mp4,685,7
goose.mp4,686,5
goose.mp4,687,4
goose.mp4,688,7
goose.mp4,689,7
goose.mp4,690,7
goose.mp4,691,6
goose.mp4,692,5
goose.mp4,693,7
goose.mp4,694,8
goose.mp4,695,8
goose.mp4,696,8
goose.mp4,697,10
goose.mp4,698,9
goose.mp4,699,11
goose.mp4,700,11
goose.mp4,701,11
goose.mp4,702,11
goose.mp4,703,9
goose.mp4,704,7
goose.mp4,705,8
goose.mp4,706,7
goose.mp4,707,7
goose.mp4,708,7
goose.mp4,709,8
goose.mp4,710,8
goose.mp4,711,8
goose.mp4,712,8
goose.mp4,713,5
goose.mp4,714,4
goose.mp4,715,6
goose.mp4,716,2
goose.mp4,717,3
goose.mp4,718,5
goose.mp4,719,2
goose.mp4,720,2
goose.mp4,721,5
goose.mp4,722,4
goose.mp4,723,5
goose.mp4,724,6
goose.mp4,725,5
goose.mp4,726,6
goose.mp4,727,7
goose.mp4,728,6
goose.mp4,729,2
goose.mp4,730,2
goose.mp4,731,0
goose.mp4,732,1
goose.mp4,733,3
goose.mp4,734,2
goose.mp4,735,3
goose.mp4,736,3
goose.mp4,737,4
goose.mp4,738,4
goose.mp4,739,5
goose.mp4,740,5
goose.mp4,741,3
goose.mp4,742,3
goose.mp4,743,3
goose.mp4,744,1
goose.mp4,745,2
goose.mp4,746,3
goose.mp4,747,3
goose.mp4,748,1
goose.mp4,749,1
goose.mp4,750,1
goose.mp4,751,4
goose.mp4,752,4
goose.mp4,753,5
goose.mp4,754,5
goose.mp4,755,5
goose.mp4,756,2
goose.mp4,757,2
goose.mp4,758,3
goose.mp4,759,7
goose.mp4,760,2
goose.mp4,761,5
goose.mp4,762,4
goose.mp4,763,6
goose.mp4,764,4
goose.mp4,765,4
goose.mp4,766,5
goose.mp4,767,4
goose.mp4,768,4
goose.mp4,769,3
goose.mp4,770,3
goose.mp4,771,3
goose.mp4,772,3
goose.mp4,773,3
goose.mp4,774,4
goose.mp4,775,4
goose.mp4,776,4
goose.mp4,777,5
goose.mp4,778,5
goose.mp4,779,7
goose.mp4,780,3
goose.mp4,781,3
goose.mp4,782,4
goose.mp4,783,4
goose.mp4,784,3
goose.mp4,785,2
goose.mp4,786,2
goose.mp4,787,2
goose.mp4,788,3
goose.mp4,789,3
goose.mp4,790,2
goose.mp4,791,3
goose.mp4,792,3
goose.mp4,793,4
goose.mp4,794,4
goose.mp4,795,3
goose.mp4,796,3
goose.mp4,797,3
goose.mp4,798,4
goose.mp4,799,3
goose.mp4,800,3
goose.mp4,801,3
goose.mp4,802,2
goose.mp4,803,4
goose.mp4,804,3
goose.mp4,805,3
goose.mp4,806,3
goose.mp4,807,3
goose.mp4,808,4
goose.mp4,809,4
goose.mp4,810,3
goose.mp4,811,3
goose.mp4,812,3
goose.mp4,813,3
goose.mp4,814,3
goose.mp4,815,3
goose.mp4,816,3
goose.mp4,817,5
goose.mp4,818,4
goose.mp4,819,6
goose.mp4,820,6
goose.mp4,821,6
goose.mp4,822,3
goose.mp4,823,4
goose.mp4,824,3
goose.mp4,825,4
goose.mp4,826,3
goose.mp4,827,3
goose.mp4,828,2
goose.mp4,829,3
goose.mp4,830,4
goose.mp4,831,4
goose.mp4,832,4
goose.mp4,833,4
goose.mp4,834,5
goose.mp4,835,5
goose.mp4,836,5
goose.mp4,837,3
goose.mp4,838,3
goose.mp4,839,4
goose.mp4,840,4
goose.mp4,841,4
goose.mp4,842,4
goose.mp4,843,4
goose.mp4,844,3
goose.mp4,845,4
goose.mp4,846,4
goose.mp4,847,3
goose.mp4,848,3
goose.mp4,849,3
goose.mp4,850,4
goose.mp4,851,4
goose.mp4,852,4
goose.mp4,853,3
goose.mp4,854,4
goose.mp4,855,4
goose.mp4,856,4
goose.mp4,857,4
goose.mp4,858,2
goose.mp4,859,4
goose.mp4,860,4
goose.mp4,861,4
goose.mp4,862,4
goose.mp4,863,3
goose.mp4,864,4
goose.mp4,865,4
goose.mp4,866,4
goose.mp4,867,2
goose.mp4,868,3
goose.mp4,869,3
goose.mp4,870,4
goose.mp4,871,4
goose.mp4,872,2
goose.mp4,873,3
goose.mp4,874,3
goose.mp4,875,4
goose.mp4,876,4
goose.mp4,877,2
goose.mp4,878,3
goose.mp4,879,2
goose.mp4,880,3
goose.mp4,881,3
goose.mp4,882,2
goose.mp4,883,2
goose.mp4,884,3
goose.mp4,885,3
goose.mp4,886,3
goose.mp4,887,4
goose.mp4,888,4
goose.mp4,889,5
goose.mp4,890,5
goose.mp4,891,5
goose.mp4,892,4
goose.mp4,893,5
goose.mp4,894,4
goose.mp4,895,5
goose.mp4,896,5
goose.mp4,897,5
goose.mp4,898,5
goose.mp4,899,3
goose.mp4,900,4
goose.mp4,901,4
goose.mp4,902,6
goose.mp4,903,4
goose.mp4,904,3
goose.mp4,905,3
goose.mp4,906,3
goose.mp4,907,3
goose.mp4,908,3
goose.mp4,909,3
goose.mp4,910,3
goose.mp4,911,3
goose.mp4,912,2
goose.mp4,913,2
goose.mp4,914,3
goose.mp4,915,3
goose.mp4,916,3
goose.mp4,917,3
goose.mp4,918,3
goose.mp4,919,3
goose.mp4,920,4
goose.mp4,921,4
goose.mp4,922,3
goose.mp4,923,5
goose.mp4,924,4
goose.mp4,925,4
goose.mp4,926,4
goose.mp4,927,5
goose.mp4,928,5
goose.mp4,929,5
goose.mp4,930,7
goose.mp4,931,7
goose.mp4,932,8
goose.mp4,933,8
goose.mp4,934,8
goose.mp4,935,5
goose.mp4,936,5
goose.mp4,937,3
goose.mp4,938,4
goose.mp4,939,2
goose.mp4,940,2
goose.mp4,941,2
goose.mp4,942,3
goose.mp4,943,3
goose.mp4,944,4
goose.mp4,945,3
goose.mp4,946,3
goose.mp4,947,2
goose.mp4,948,2
goose.mp4,949,3
goose.mp4,950,3
goose.mp4,951,3
goose.mp4,952,3
goose.mp4,953,3
goose.mp4,954,4
goose.mp4,955,3
goose.mp4,956,3
goose.mp4,957,3
goose.mp4,958,3
goose.mp4,959,3
goose.mp4,960,3
goose.mp4,961,3
goose.mp4,962,3
goose.mp4,963,2
goose.mp4,964,2
goose.mp4,965,2
goose.mp4,966,2
goose.mp4,967,2
goose.mp4,968,2
goose.mp4,969,2
goose.mp4,970,2
goose.mp4,971,2
goose.mp4,972,2
goose.mp4,973,2
goose.mp4,974,3
goose.mp4,975,2
goose.mp4,976,2
goose.mp4,977,3
goose.mp4,978,3
goose.mp4,979,3
goose.mp4,980,4
goose.mp4,981,3
goose.mp4,982,4
goose.mp4,983,3
goose.mp4,984,5
goose.mp4,985,6
goose.mp4,986,6
goose.mp4,987,5
goose.mp4,988,6
goose.mp4,989,4
goose.mp4,990,4
goose.mp4,991,4
goose.mp4,992,5
goose.mp4,993,5
goose.mp4,994,6
goose.mp4,995,5
goose.mp4,996,5
goose.mp4,997,5
goose.mp4,998,5
goose.mp4,999,5
goose.mp4,1000,5
goose.mp4,1001,5
goose.mp4,1002,3
goose.mp4,1003,3
goose.mp4,1004,3
goose.mp4,1005,3
goose.mp4,1006,3
goose.mp4,1007,4
goose.mp4,1008,3
goose.mp4,1009,3
goose.mp4,1010,5
goose.mp4,1011,5
goose.mp4,1012,4
goose.mp4,1013,5
goose.mp4,1014,5
goose.mp4,1015,4
goose.mp4,1016,4
goose.mp4,1017,4
goose.mp4,1018,5
goose.mp4,1019,5
goose.mp4,1020,5
goose.mp4,1021,4
goose.mp4,1022,3
goose.mp4,1023,4
goose.mp4,1024,3
goose.mp4,1025,3
goose.mp4,1026,3
goose.mp4,1027,2
goose.mp4,1028,4
goose.mp4,1029,5
goose.mp4,1030,5
goose.mp4,1031,5
goose.mp4,1032,5
goose.mp4,1033,5
goose.mp4,1034,6
goose.mp4,1035,5
goose.mp4,1036,5
goose.mp4,1037,4
goose.mp4,1038,4
goose.mp4,1039,6
goose.mp4,1040,3
goose.mp4,1041,3
goose.mp4,1042,4
goose.mp4,1043,2
goose.mp4,1044,4
goose.mp4,1045,6
goose.mp4,1046,5
goose.mp4,1047,6
goose.mp4,1048,6
goose.mp4,1049,4
goose.mp4,1050,3
goose.mp4,1051,3
goose.mp4,1052,4
goose.mp4,1053,4
goose.mp4,1054,4
goose.mp4,1055,3
goose.mp4,1056,3
goose.mp4,1057,3
goose.mp4,1058,3
goose.mp4,1059,2
goose.mp4,1060,2
goose.mp4,1061,2
goose.mp4,1062,3
goose.mp4,1063,4
goose.mp4,1064,3
goose.mp4,1065,3
goose.mp4,1066,3
goose.mp4,1067,3
goose.mp4,1068,4
goose.mp4,1069,3
goose.mp4,1070,3
goose.mp4,1071,3
goose.mp4,1072,2
goose.mp4,1073,2
goose.mp4,1074,2
goose.mp4,1075,3
goose.mp4,1076,3
goose.mp4,1077,3
goose.mp4,1078,3
goose.mp4,1079,4
goose.mp4,1080,5
goose.mp4,1081,5
goose.mp4,1082,5
goose.mp4,1083,5
goose.mp4,1084,3
goose.mp4,1085,5
goose.mp4,1086,5
goose.mp4,1087,3
goose.mp4,1088,4
goose.mp4,1089,4
goose.mp4,1090,4
goose.mp4,1091,4
goose.mp4,1092,4
goose.mp4,1093,4
goose.mp4,1094,3
goose.mp4,1095,3
goose.mp4,1096,3
goose.mp4,1097,2
goose.mp4,1098,3
goose.mp4,1099,4
goose.mp4,1100,4
goose.mp4,1101,4
goose.mp4,1102,5
goose.mp4,1103,2
goose.mp4,1104,2
goose.mp4,1105,3
goose.mp4,1106,4
goose.mp4,1107,2
goose.mp4,1108,2
goose.mp4,1109,2
goose.mp4,1110,3
goose.mp4,1111,3
goose.mp4,1112,3
goose.mp4,1113,2
goose.mp4,1114,2
goose.mp4,1115,2
goose.mp4,1116,2
goose.mp4,1117,1
goose.mp4,1118,2
goose.mp4,1119,2
goose.mp4,1120,3
goose.mp4,1121,3
goose.mp4,1122,3
goose.mp4,1123,3
goose.mp4,1124,3
goose.mp4,1125,4
goose.mp4,1126,4
goose.mp4,1127,3
goose.mp4,1128,5
goose.mp4,1129,4
goose.mp4,1130,4
goose.mp4,1131,4
goose.mp4,1132,5
goose.mp4,1133,4
goose.mp4,1134,4
goose.mp4,1135,4
goose.mp4,1136,4
goose.mp4,1137,7
goose.mp4,1138,7
goose.mp4,1139,5
goose.mp4,1140,5
goose.mp4,1141,5
goose.mp4,1142,5
goose.mp4,1143,4
goose.mp4,1144,4
goose.mp4,1145,4
goose.mp4,1146,4
goose.mp4,1147,2
goose.mp4,1148,2
goose.mp4,1149,3
goose.mp4,1150,2
goose.mp4,1151,2
goose.mp4,1152,3
goose.mp4,1153,4
goose.mp4,1154,4
goose.mp4,1155,4
goose.mp4,1156,4
goose.mp4,1157,5
goose.mp4,1158,5
goose.mp4,1159,6
goose.mp4,1160,7
goose.mp4,1161,7
goose.mp4,1162,7
goose.mp4,1163,7
goose.mp4,1164,6
goose.mp4,1165,4
goose.mp4,1166,4
goose.mp4,1167,6
goose.mp4,1168,4
goose.mp4,1169,5
goose.mp4,1170,5
goose.mp4,1171,5
goose.mp4,1172,4
goose.mp4,1173,5
goose.mp4,1174,6
goose.mp4,1175,1
goose.mp4,1176,0
goose.mp4,1177,0
goose.mp4,1178,0
goose.mp4,1179,0
goose.mp4,1180,0
goose.mp4,1181,1
goose.mp4,1182,2
goose.mp4,1183,1
goose.mp4,1184,1
goose.mp4,1185,1
goose.mp4,1186,2
goose.mp4,1187,1
goose.mp4,1188,1
goose.mp4,1189,1
goose.mp4,1190,1
goose.mp4,1191,1
goose.mp4,1192,1
goose.mp4,1193,1
goose.mp4,1194,1
goose.mp4,1195,1
goose.mp4,1196,1
goose.mp4,1197,1
goose.mp4,1198,1
goose.mp4,1199,1
goose.mp4,1200,1
goose.mp4,1201,1
goose.mp4,1202,1
goose.mp4,1203,1
goose.mp4,1204,1
goose.mp4,1205,1
goose.mp4,1206,1
goose.mp4,1207,1
goose.mp4,1208,1
goose.mp4,1209,1
goose.mp4,1210,1
goose.mp4,1211,1
goose.mp4,1212,1
goose.mp4,1213,1
goose.mp4,1214,1
goose.mp4,1215,1
goose.mp4,1216,1
goose.mp4,1217,1
goose.mp4,1218,1
goose.mp4,1219,1
goose.mp4,1220,1
goose.mp4,1221,1
goose.mp4,1222,1
goose.mp4,1223,1
goose.mp4,1224,1
goose.mp4,1225,1
goose.mp4,1226,1
goose.mp4,1227,1
goose.mp4,1228,1
goose.mp4,1229,1
goose.mp4,1230,1
goose.mp4,1231,1
goose.mp4,1232,1
goose.mp4,1233,1
goose.mp4,1234,1
goose.mp4,1235,1
goose.mp4,1236,1
goose.mp4,1237,1
goose.mp4,1238,1
goose.mp4,1239,1
goose.mp4,1240,1
goose.mp4,1241,1
goose.mp4,1242,1
goose.mp4,1243,1
goose.mp4,1244,1
goose.mp4,1245,1
goose.mp4,1246,1
goose.mp4,1247,1
goose.mp4,1248,1
goose.mp4,1249,1
goose.mp4,1250,1
goose.mp4,1251,1
goose.mp4,1252,1
goose.mp4,1253,1
goose.mp4,1254,1
goose.mp4,1255,1
goose.mp4,1256,1
goose.mp4,1257,1
goose.mp4,1258,1
goose.mp4,1259,1
goose.mp4,1260,2
goose.mp4,1261,1
goose.mp4,1262,1
goose.mp4,1263,1
goose.mp4,1264,1
goose.mp4,1265,1
goose.mp4,1266,1
goose.mp4,1267,1
goose.mp4,1268,1
goose.mp4,1269,1
goose.mp4,1270,1
goose.mp4,1271,0
goose.mp4,1272,0
goose.mp4,1273,1
goose.mp4,1274,1
goose.mp4,1275,1
goose.mp4,1276,1
goose.mp4,1277,1
goose.mp4,1278,1
goose.mp4,1279,0
goose.mp4,1280,0
goose.mp4,1281,0
goose.mp4,1282,0
goose.mp4,1283,0
goose.mp4,1284,1
goose.mp4,1285,1
goose.mp4,1286,0
goose.mp4,1287,1
goose.mp4,1288,0
goose.mp4,1289,0
goose.mp4,1290,0
goose.mp4,1291,0
goose.mp4,1292,0
goose.mp4,1293,0
goose.mp4,1294,1
goose.mp4,1295,1
goose.mp4,1296,0
goose.mp4,1297,1
goose.mp4,1298,1
goose.mp4,1299,1
goose.mp4,1300,1
goose.mp4,1301,1
goose.mp4,1302,1
goose.mp4,1303,1
goose.mp4,1304,1
goose.mp4,1305,1
goose.mp4,1306,0
goose.mp4,1307,1
goose.mp4,1308,0
goose.mp4,1309,0
goose.mp4,1310,0
goose.mp4,1311,0
goose.mp4,1312,0
goose.mp4,1313,0
goose.mp4,1314,1
goose.mp4,1315,1
goose.mp4,1316,0
goose.mp4,1317,0
goose.mp4,1318,0
goose.mp4,1319,0
goose.mp4,1320,0
goose.mp4,1321,0
goose.mp4,1322,1
goose.mp4,1323,1
goose.mp4,1324,0
goose.mp4,1325,0
goose.mp4,1326,1
goose.mp4,1327,0
goose.mp4,1328,0
goose.mp4,1329,1
goose.mp4,1330,1
goose.mp4,1331,0
goose.mp4,1332,0
goose.mp4,1333,1
goose.mp4,1334,1
goose.mp4,1335,1
goose.mp4,1336,1
goose.mp4,1337,1
goose.mp4,1338,1
goose.mp4,1339,1
goose.mp4,1340,1
goose.mp4,1341,1
goose.mp4,1342,1
goose.mp4,1343,1
goose.mp4,1344,1
goose.mp4,1345,1
goose.mp4,1346,1
goose.mp4,1347,1
goose.mp4,1348,1
goose.mp4,1349,1
goose.mp4,1350,1
goose.mp4,1351,0
goose.mp4,1352,0
goose.mp4,1353,1
goose.mp4,1354,1
goose.mp4,1355,1
goose.mp4,1356,0
goose.mp4,1357,1
goose.mp4,1358,1
goose.mp4,1359,0
goose.mp4,1360,0
goose.mp4,1361,0
goose.mp4,1362,1
goose.mp4,1363,1
goose.mp4,1364,0
goose.mp4,1365,0
goose.mp4,1366,0
goose.mp4,1367,0
goose.mp4,1368,0
goose.mp4,1369,0
goose.mp4,1370,0
goose.mp4,1371,1
goose.mp4,1372,0
goose.mp4,1373,0
goose.mp4,1374,0
goose.mp4,1375,0
goose.mp4,1376,0
goose.mp4,1377,1
goose.mp4,1378,0
goose.mp4,1379,0
goose.mp4,1380,0
goose.mp4,1381,1
goose.mp4,1382,1
goose.mp4,1383,1
goose.mp4,1384,0
goose.mp4,1385,0
goose.mp4,1386,0
goose.mp4,1387,0
goose.mp4,1388,0
goose.mp4,1389,0
goose.mp4,1390,0
goose.mp4,1391,0
goose.mp4,1392,1
goose.mp4,1393,1
goose.mp4,1394,1
goose.mp4,1395,1
goose.mp4,1396,1
goose.mp4,1397,1
goose.mp4,1398,1
goose.mp4,1399,1
goose.mp4,1400,1
goose.mp4,1401,1
goose.mp4,1402,1
goose.mp4,1403,1
goose.mp4,1404,1
goose.mp4,1405,1
goose.mp4,1406,1
goose.mp4,1407,1
goose.mp4,1408,1
goose.mp4,1409,1
goose.mp4,1410,1
goose.mp4,1411,1
goose.mp4,1412,1
goose.mp4,1413,1
goose.mp4,1414,1
goose.mp4,1415,1
goose.mp4,1416,1
goose.mp4,1417,1
goose.mp4,1418,1
goose.mp4,1419,1
goose.mp4,1420,1
goose.mp4,1421,1
goose.mp4,1422,1
goose.mp4,1423,1
goose.mp4,1424,1
goose.mp4,1425,1
goose.mp4,1426,1
goose.mp4,1427,1
goose.mp4,1428,1
goose.mp4,1429,1
goose.mp4,1430,1
goose.mp4,1431,1
goose.mp4,1432,1
goose.mp4,1433,1
goose.mp4,1434,1
goose.mp4,1435,0
goose.mp4,1436,0
goose.mp4,1437,0
goose.mp4,1438,0
goose.mp4,1439,1
goose.mp4,1440,0
goose.mp4,1441,1
goose.mp4,1442,1
goose.mp4,1443,0
goose.mp4,1444,0
goose.mp4,1445,0
goose.mp4,1446,0
goose.mp4,1447,0
goose.mp4,1448,0
goose.mp4,1449,0
goose.mp4,1450,0
goose.mp4,1451,0
goose.mp4,1452,0
goose.mp4,1453,1
goose.mp4,1454,0
goose.mp4,1455,0
goose.mp4,1456,0
goose.mp4,1457,0
goose.mp4,1458,0
goose.mp4,1459,1
goose.mp4,1460,0
goose.mp4,1461,0
goose.mp4,1462,0
goose.mp4,1463,0
goose.mp4,1464,0
goose.mp4,1465,0
goose.mp4,1466,0
goose.mp4,1467,0
goose.mp4,1468,1
goose.mp4,1469,1
goose.mp4,1470,1
goose.mp4,1471,1
goose.mp4,1472,1
goose.mp4,1473,2
goose.mp4,1474,2
goose.mp4,1475,2
goose.mp4,1476,2
goose.mp4,1477,2
goose.mp4,1478,1
goose.mp4,1479,1
goose.mp4,1480,2
goose.mp4,1481,1
goose.mp4,1482,1
goose.mp4,1483,1
goose.mp4,1484,1
goose.mp4,1485,1
goose.mp4,1486,2
goose.mp4,1487,2
goose.mp4,1488,1
goose.mp4,1489,1
goose.mp4,1490,1
goose.mp4,1491,2
goose.mp4,1492,2
goose.mp4,1493,1
goose.mp4,1494,0
goose.mp4,1495,1
goose.mp4,1496,0
goose.mp4,1497,0
goose.mp4,1498,0
goose.mp4,1499,0
goose.mp4,1500,0
goose.mp4,1501,0
goose.mp4,1502,0
goose.mp4,1503,0
goose.mp4,1504,0
goose.mp4,1505,0
goose.mp4,1506,0
goose.mp4,1507,0
goose.mp4,1508,0
goose.mp4,1509,0
goose.mp4,1510,0
goose.mp4,1511,0
goose.mp4,1512,0
goose.mp4,1513,0
goose.mp4,1514,0
goose.mp4,1515,0
goose.mp4,1516,0
goose.mp4,1517,1
goose.mp4,1518,0
goose.mp4,1519,1
goose.mp4,1520,0
goose.mp4,1521,0
goose.mp4,1522,0
goose.mp4,1523,0
goose.mp4,1524,0
goose.mp4,1525,0
goose.mp4,1526,0
goose.mp4,1527,0
goose.mp4,1528,0
goose.mp4,1529,0
goose.mp4,1530,0
goose.mp4,1531,0
goose.mp4,1532,0
goose.mp4,1533,0
goose.mp4,1534,0
goose.mp4,1535,0
goose.mp4,1536,0
goose.mp4,1537,0
goose.mp4,1538,0
goose.mp4,1539,0
goose.mp4,1540,0
goose.mp4,1541,0
goose.mp4,1542,0
goose.mp4,1543,0
goose.mp4,1544,0
goose.mp4,1545,0
goose.mp4,1546,0
goose.mp4,1547,0
goose.mp4,1548,0
goose.mp4,1549,0
goose.mp4,1550,0
goose.mp4,1551,0
goose.mp4,1552,0
goose.mp4,1553,0
goose.mp4,1554,0
goose.mp4,1555,0
goose.mp4,1556,0
goose.mp4,1557,0
goose.mp4,1558,0
goose.mp4,1559,0
goose.mp4,1560,0
goose.mp4,1561,0
goose.mp4,1562,0
goose.mp4,1563,0
goose.mp4,1564,0
goose.mp4,1565,0
goose.mp4,1566,0
goose.mp4,1567,0
goose.mp4,1568,0
goose.mp4,1569,0
goose.mp4,1570,0
goose.mp4,1571,0
goose.mp4,1572,0
goose.mp4,1573,0
goose.mp4,1574,0
goose.mp4,1575,0
goose.mp4,1576,0
goose.mp4,1577,0
goose.mp4,1578,0
goose.mp4,1579,0
goose.mp4,1580,0
goose.mp4,1581,0
goose.mp4,1582,0
goose.mp4,1583,0
goose.mp4,1584,0
goose.mp4,1585,0
goose.mp4,1586,0
goose.mp4,1587,0
goose.mp4,1588,0
goose.mp4,1589,0
goose.mp4,1590,0
goose.mp4,1591,0
goose.mp4,1592,0
goose.mp4,1593,0
goose.mp4,1594,0
goose.mp4,1595,0
goose.mp4,1596,1
goose.mp4,1597,1
goose.mp4,1598,1
goose.mp4,1599,1
goose.mp4,1600,1
goose.mp4,1601,1
goose.mp4,1602,1
goose.mp4,1603,1
goose.mp4,1604,1
goose.mp4,1605,1
goose.mp4,1606,1
goose.mp4,1607,1
goose.mp4,1608,1
goose.mp4,1609,1
goose.mp4,1610,1
goose.mp4,1611,1
goose.mp4,1612,1
goose.mp4,1613,1
goose.mp4,1614,1
goose.mp4,1615,1
goose.mp4,1616,1
goose.mp4,1617,1
goose.mp4,1618,1
goose.mp4,1619,1
goose.mp4,1620,1
goose.mp4,1621,1
goose.mp4,1622,1
goose.mp4,1623,1
goose.mp4,1624,1
goose.mp4,1625,0
goose.mp4,1626,1
goose.mp4,1627,1
goose.mp4,1628,1
goose.mp4,1629,1
goose.mp4,1630,1
goose.mp4,1631,1
goose.mp4,1632,1
goose.mp4,1633,0
goose.mp4,1634,0
goose.mp4,1635,1
goose.mp4,1636,1
goose.mp4,1637,1
goose.mp4,1638,1
goose.mp4,1639,1
goose.mp4,1640,0
goose.mp4,1641,1
goose.mp4,1642,1
goose.mp4,1643,1
goose.mp4,1644,0
goose.mp4,1645,0
goose.mp4,1646,1
goose.mp4,1647,1
goose.mp4,1648,0
goose.mp4,1649,0
goose.mp4,1650,1
goose.mp4,1651,0
goose.mp4,1652,0
goose.mp4,1653,0
goose.mp4,1654,0
goose.mp4,1655,1
goose.mp4,1656,1
goose.mp4,1657,1
goose.mp4,1658,0
goose.mp4,1659,1
goose.mp4,1660,1
goose.mp4,1661,1
goose.mp4,1662,1
goose.mp4,1663,0
goose.mp4,1664,0
goose.mp4,1665,0
goose.mp4,1666,0
goose.mp4,1667,0
goose.mp4,1668,0
goose.mp4,1669,1
goose.mp4,1670,1
goose.mp4,1671,0
goose.mp4,1672,0
goose.mp4,1673,0
goose.mp4,1674,0
goose.mp4,1675,0
goose.mp4,1676,0
goose.mp4,1677,0
goose.mp4,1678,1
goose.mp4,1679,1
goose.mp4,1680,0
goose.mp4,1681,0
goose.mp4,1682,0
goose.mp4,1683,0
goose.mp4,1684,1
goose.mp4,1685,1
goose.mp4,1686,1
goose.mp4,1687,1
goose.mp4,1688,1
goose.mp4,1689,1
goose.mp4,1690,1
goose.mp4,1691,1
goose.mp4,1692,1
goose.mp4,1693,1
goose.mp4,1694,1
goose.mp4,1695,1
goose.mp4,1696,1
goose.mp4,1697,1
goose.mp4,1698,1
goose.mp4,1699,1
goose.mp4,1700,1
goose.mp4,1701,1
goose.mp4,1702,1
goose.mp4,1703,0
goose.mp4,1704,0
goose.mp4,1705,0
goose.mp4,1706,0
goose.mp4,1707,0
goose.mp4,1708,0
goose.mp4,1709,1
goose.mp4,1710,0
goose.mp4,1711,0
goose.mp4,1712,0
goose.mp4,1713,0
goose.mp4,1714,0
goose.mp4,1715,0
goose.mp4,1716,0
goose.mp4,1717,0
goose.mp4,1718,1
goose.mp4,1719,1
goose.mp4,1720,1
goose.mp4,1721,1
goose.mp4,1722,1
goose.mp4,1723,0
goose.mp4,1724,0
goose.mp4,1725,0
goose.mp4,1726,0
goose.mp4,1727,0
goose.mp4,1728,1
goose.mp4,1729,1
goose.mp4,1730,1
goose.mp4,1731,1
goose.mp4,1732,1
goose.mp4,1733,1
goose.mp4,1734,0
goose.mp4,1735,1
goose.mp4,1736,1
goose.mp4,1737,1
goose.mp4,1738,0
goose.mp4,1739,0
goose.mp4,1740,1
goose.mp4,1741,1
goose.mp4,1742,1
goose.mp4,1743,1
goose.mp4,1744,1
goose.mp4,1745,1
goose.mp4,1746,2
goose.mp4,1747,1
goose.mp4,1748,1
goose.mp4,1749,2
goose.mp4,1750,1
goose.mp4,1751,1
goose.mp4,1752,1
goose.mp4,1753,1
goose.mp4,1754,1
goose.mp4,1755,1
goose.mp4,1756,1
goose.mp4,1757,1
goose.mp4,1758,1
goose.mp4,1759,1
goose.mp4,1760,1
goose.mp4,1761,1
goose.mp4,1762,1
goose.mp4,1763,1
goose.mp4,1764,1
goose.mp4,1765,1
goose.mp4,1766,6
goose.mp4,1767,6
goose.mp4,1768,5
goose.mp4,1769,4
goose.mp4,1770,2
goose.mp4,1771,4
goose.mp4,1772,6
goose.mp4,1773,6
goose.mp4,1774,5
goose.mp4,1775,6
goose.mp4,1776,6
goose.mp4,1777,6
goose.mp4,1778,7
goose.mp4,1779,6
goose.mp4,1780,6
goose.mp4,1781,2
goose.mp4,1782,3
goose.mp4,1783,4
goose.mp4,1784,3
goose.mp4,1785,3
goose.mp4,1786,4
goose.mp4,1787,3
goose.mp4,1788,3
goose.mp4,1789,5
goose.mp4,1790,4
goose.mp4,1791,4
goose.mp4,1792,5
goose.mp4,1793,5
goose.mp4,1794,1
goose.mp4,1795,1
goose.mp4,1796,4
goose.mp4,1797,2
goose.mp4,1798,2
goose.mp4,1799,4
goose.mp4,1800,5
goose.mp4,1801,4
goose.mp4,1802,3
goose.mp4,1803,4
goose.mp4,1804,4
goose.mp4,1805,3
goose.mp4,1806,3
goose.mp4,1807,3
goose.mp4,1808,3
goose.mp4,1809,4
goose.mp4,1810,6
goose.mp4,1811,6
goose.mp4,1812,5
goose.mp4,1813,5
goose.mp4,1814,5
goose.mp4,1815,5
goose.mp4,1816,4
goose.mp4,1817,5
goose.mp4,1818,4
goose.mp4,1819,2
goose.mp4,1820,5
goose.mp4,1821,3
goose.mp4,1822,4
goose.mp4,1823,4
goose.mp4,1824,7
goose.mp4,1825,8
goose.mp4,1826,11
goose.mp4,1827,10
goose.mp4,1828,9
goose.mp4,1829,9
goose.mp4,1830,6
goose.mp4,1831,6
goose.mp4,1832,7
goose.mp4,1833,6
goose.mp4,1834,3
goose.mp4,1835,3
goose.mp4,1836,6
goose.mp4,1837,5
goose.mp4,1838,5
goose.mp4,1839,4
goose.mp4,1840,7
goose.mp4,1841,5
goose.mp4,1842,5
goose.mp4,1843,4
goose.mp4,1844,3
goose.mp4,1845,3
goose.mp4,1846,3
goose.mp4,1847,4
goose.mp4,1848,4
goose.mp4,1849,4
goose.mp4,1850,4
goose.mp4,1851,2
goose.mp4,1852,4
goose.mp4,1853,4
goose.mp4,1854,2
goose.mp4,1855,4
goose.mp4,1856,4
goose.mp4,1857,3
goose.mp4,1858,3
goose.mp4,1859,3
goose.mp4,1860,2
goose.mp4,1861,3
goose.mp4,1862,2
goose.mp4,1863,2
goose.mp4,1864,4
goose.mp4,1865,5
goose.mp4,1866,5
goose.mp4,1867,4
goose.mp4,1868,4
goose.mp4,1869,6
goose.mp4,1870,1
goose.mp4,1871,1
goose.mp4,1872,1
goose.mp4,1873,0
goose.mp4,1874,0
goose.mp4,1875,1
goose.mp4,1876,2
goose.mp4,1877,0
goose.mp4,1878,0
goose.mp4,1879,0
goose.mp4,1880,0
goose.mp4,1881,0
goose.mp4,1882,0
goose.mp4,1883,0
goose.mp4,1884,0
goose.mp4,1885,0
goose.mp4,1886,0
goose.mp4,1887,0
goose.mp4,1888,0
goose.mp4,1889,0
goose.mp4,1890,0
goose.mp4,1891,1
goose.mp4,1892,0
goose.mp4,1893,0
goose.mp4,1894,1
goose.mp4,1895,1
goose.mp4,1896,0
goose.mp4,1897,0
goose.mp4,1898,0
goose.mp4,1899,0
goose.mp4,1900,1
goose.mp4,1901,1
goose.mp4,1902,0
goose.mp4,1903,0
goose.mp4,1904,0
goose.mp4,1905,0
goose.mp4,1906,1
goose.mp4,1907,1
goose.mp4,1908,2
goose.mp4,1909,0
goose.mp4,1910,0
goose.mp4,1911,0
goose.mp4,1912,3
goose.mp4,1913,1
goose.mp4,1914,0
goose.mp4,1915,0
goose.mp4,1916,0
goose.mp4,1917,1
goose.mp4,1918,0
goose.mp4,1919,1
goose.mp4,1920,0
goose.mp4,1921,3
goose.mp4,1922,3
goose.mp4,1923,3
goose.mp4,1924,3
goose.mp4,1925,3
goose.mp4,1926,3
goose.mp4,1927,3
goose.mp4,1928,3
goose.mp4,1929,3
goose.mp4,1930,3
goose.mp4,1931,3
goose.mp4,1932,3
goose.mp4,1933,3
goose.mp4,1934,3
goose.mp4,1935,3
goose.mp4,1936,3
goose.mp4,1937,3
goose.mp4,1938,3
goose.mp4,1939,3
goose.mp4,1940,3
goose.mp4,1941,3
goose.mp4,1942,3
goose.mp4,1943,3
goose.mp4,1944,3
goose.mp4,1945,3
goose.mp4,1946,3
goose.mp4,1947,3
goose.mp4,1948,3
goose.mp4,1949,3
goose.mp4,1950,3
goose.mp4,1951,3
goose.mp4,1952,2
goose.mp4,1953,2
goose.mp4,1954,3
goose.mp4,1955,2
goose.mp4,1956,2
goose.mp4,1957,2
goose.mp4,1958,3
goose.mp4,1959,3
goose.mp4,1960,3
goose.mp4,1961,3
goose.mp4,1962,3
goose.mp4,1963,3
goose.mp4,1964,3
goose.mp4,1965,3
goose.mp4,1966,3
goose.mp4,1967,3
goose.mp4,1968,3
goose.mp4,1969,3
goose.mp4,1970,3
goose.mp4,1971,3
goose.mp4,1972,3
goose.mp4,1973,3
goose.mp4,1974,3
goose.mp4,1975,3
goose.mp4,1976,3
goose.mp4,1977,3
goose.mp4,1978,3
goose.mp4,1979,3
goose.mp4,1980,3
goose.mp4,1981,3
goose.mp4,1982,3
goose.mp4,1983,3
goose.mp4,1984,3
goose.mp4,1985,3
goose.mp4,1986,3
goose.mp4,1987,3
goose.mp4,1988,3
goose.mp4,1989,3
goose.mp4,1990,3
goose.mp4,1991,3
goose.mp4,1992,3
goose.mp4,1993,3
goose.mp4,1994,3
goose.mp4,1995,3
goose.mp4,1996,3
goose.mp4,1997,3
goose.mp4,1998,3
goose.mp4,1999,3
goose.mp4,2000,3
goose.mp4,2001,3
goose.mp4,2002,3
goose.mp4,2003,3
goose.mp4,2004,3
goose.mp4,2005,3
goose.mp4,2006,3
goose.mp4,2007,3
goose.mp4,2008,3
goose.mp4,2009,2
goose.mp4,2010,3
goose.mp4,2011,3
goose.mp4,2012,3
goose.mp4,2013,3
goose.mp4,2014,3
goose.mp4,2015,3
goose.mp4,2016,3
goose.mp4,2017,3
goose.mp4,2018,3
goose.mp4,2019,3
goose.mp4,2020,3
goose.mp4,2021,3
goose.mp4,2022,1
goose.mp4,2023,1
goose.mp4,2024,1
goose.mp4,2025,3
goose.mp4,2026,3
goose.mp4,2027,3
goose.mp4,2028,3
goose.mp4,2029,1
goose.mp4,2030,1
goose.mp4,2031,1
goose.mp4,2032,1
goose.mp4,2033,1
goose.mp4,2034,1
goose.mp4,2035,1
goose.mp4,2036,1
goose.mp4,2037,1
goose.mp4,2038,1
goose.mp4,2039,1
goose.mp4,2040,1
goose.mp4,2041,1
goose.mp4,2042,1
goose.mp4,2043,1
goose.mp4,2044,1
goose.mp4,2045,1
goose.mp4,2046,1
goose.mp4,2047,1
goose.mp4,2048,1
goose.mp4,2049,1
goose.mp4,2050,1
goose.mp4,2051,1
goose.mp4,2052,1
goose.mp4,2053,1
goose.mp4,2054,1
goose.mp4,2055,1
goose.mp4,2056,2
goose.mp4,2057,2
goose.mp4,2058,2
goose.mp4,2059,2
goose.mp4,2060,2
goose.mp4,2061,2
goose.mp4,2062,2
goose.mp4,2063,1
goose.mp4,2064,1
goose.mp4,2065,1
goose.mp4,2066,1
goose.mp4,2067,1
goose.mp4,2068,1
goose.mp4,2069,1
goose.mp4,2070,1
goose.mp4,2071,1
goose.mp4,2072,1
goose.mp4,2073,1
goose.mp4,2074,1
goose.mp4,2075,1
goose.mp4,2076,1
goose.mp4,2077,1
goose.mp4,2078,1
goose.mp4,2079,1
goose.mp4,2080,1
goose.mp4,2081,1
goose.mp4,2082,1
goose.mp4,2083,1
goose.mp4,2084,1
goose.mp4,2085,1
goose.mp4,2086,1
goose.mp4,2087,1
goose.mp4,2088,1
goose.mp4,2089,1
goose.mp4,2090,1
goose.mp4,2091,1
goose.mp4,2092,1
goose.mp4,2093,2
goose.mp4,2094,2
goose.mp4,2095,1
goose.mp4,2096,2
goose.mp4,2097,1
goose.mp4,2098,2
goose.mp4,2099,2
goose.mp4,2100,2
goose.mp4,2101,1
goose.mp4,2102,1
goose.mp4,2103,1
goose.mp4,2104,1
goose.mp4,2105,2
goose.mp4,2106,2
goose.mp4,2107,2
goose.mp4,2108,2
goose.mp4,2109,2
goose.mp4,2110,1
goose.mp4,2111,1
goose.mp4,2112,1
goose.mp4,2113,1
goose.mp4,2114,1
goose.mp4,2115,1
goose.mp4,2116,1
goose.mp4,2117,1
goose.mp4,2118,1
goose.mp4,2119,1
goose.mp4,2120,1
goose.mp4,2121,1
goose.mp4,2122,1
goose.mp4,2123,1
goose.mp4,2124,1
goose.mp4,2125,1
goose.mp4,2126,1
goose.mp4,2127,1
goose.mp4,2128,1
goose.mp4,2129,1
goose.mp4,2130,1
goose.mp4,2131,1
goose.mp4,2132,1
goose.mp4,2133,1
goose.mp4,2134,1
goose.mp4,2135,1
goose.mp4,2136,1
goose.mp4,2137,1
goose.mp4,2138,1
goose.mp4,2139,2
goose.mp4,2140,1
goose.mp4,2141,1
goose.mp4,2142,1
goose.mp4,2143,1
goose.mp4,2144,2
goose.mp4,2145,2
goose.mp4,2146,2
goose.mp4,2147,2
goose.mp4,2148,2
goose.mp4,2149,2
goose.mp4,2150,1
goose.mp4,2151,1
goose.mp4,2152,1
goose.mp4,2153,1
goose.mp4,2154,1
goose.mp4,2155,1
goose.mp4,2156,1
goose.mp4,2157,1
goose.mp4,2158,1
goose.mp4,2159,1
goose.mp4,2160,1
goose.mp4,2161,1
goose.mp4,2162,1
goose.mp4,2163,1
goose.mp4,2164,2
goose.mp4,2165,2
goose.mp4,2166,1
goose.mp4,2167,1
goose.mp4,2168,1
goose.mp4,2169,1
goose.mp4,2170,1
goose.mp4,2171,1
goose.mp4,2172,1
goose.mp4,2173,1
goose.mp4,2174,1
goose.mp4,2175,1
goose.mp4,2176,1
goose.mp4,2177,3
goose.mp4,2178,3
goose.mp4,2179,3
goose.mp4,2180,3
goose.mp4,2181,3
goose.mp4,2182,3
goose.mp4,2183,3
goose.mp4,2184,3
goose.mp4,2185,3
goose.mp4,2186,3
goose.mp4,2187,3
goose.mp4,2188,3
goose.mp4,2189,3
goose.mp4,2190,3
goose.mp4,2191,3
goose.mp4,2192,3
goose.mp4,2193,3
goose.mp4,2194,3
goose.mp4,2195,3
goose.mp4,2196,3
goose.mp4,2197,3
goose.mp4,2198,3
goose.mp4,2199,3
goose.mp4,2200,3
goose.mp4,2201,3
goose.mp4,2202,3
goose.mp4,2203,3
goose.mp4,2204,3
goose.mp4,2205,3
goose.mp4,2206,3
goose.mp4,2207,3
goose.mp4,2208,3
goose.mp4,2209,3
goose.mp4,2210,3
goose.mp4,2211,3
goose.mp4,2212,3
goose.mp4,2213,3
goose.mp4,2214,3
goose.mp4,2215,3
goose.mp4,2216,3
goose.mp4,2217,3
goose.mp4,2218,3
goose.mp4,2219,3
goose.mp4,2220,3
goose.mp4,2221,3
goose.mp4,2222,3
goose.mp4,2223,3
goose.mp4,2224,3
goose.mp4,2225,3
goose.mp4,2226,3
goose.mp4,2227,3
goose.mp4,2228,3
goose.mp4,2229,3
goose.mp4,2230,3
goose.mp4,2231,3
goose.mp4,2232,3
goose.mp4,2233,3
goose.mp4,2234,3
goose.mp4,2235,3
goose.mp4,2236,3
goose.mp4,2237,3
goose.mp4,2238,3
goose.mp4,2239,4
goose.mp4,2240,4
goose.mp4,2241,4
goose.mp4,2242,4
goose.mp4,2243,4
goose.mp4,2244,3
goose.mp4,2245,3
goose.mp4,2246,3
goose.mp4,2247,3
goose.mp4,2248,3
goose.mp4,2249,3
goose.mp4,2250,2
goose.mp4,2251,3
goose.mp4,2252,3
goose.mp4,2253,3
goose.mp4,2254,3
goose.mp4,2255,3
goose.mp4,2256,3
goose.mp4,2257,2
goose.mp4,2258,2
goose.mp4,2259,2
goose.mp4,2260,3
goose.mp4,2261,2
goose.mp4,2262,2
goose.mp4,2263,2
goose.mp4,2264,2
goose.mp4,2265,3
goose.mp4,2266,3
goose.mp4,2267,3
goose.mp4,2268,3
goose.mp4,2269,2
goose.mp4,2270,4
goose.mp4,2271,2
goose.mp4,2272,3
goose.mp4,2273,4
goose.mp4,2274,4
goose.mp4,2275,4
goose.mp4,2276,3
goose.mp4,2277,2
goose.mp4,2278,2
goose.mp4,2279,2
goose.mp4,2280,2
goose.mp4,2281,2
goose.mp4,2282,3
goose.mp4,2283,3
goose.mp4,2284,2
goose.mp4,2285,2
goose.mp4,2286,2
goose.mp4,2287,3
goose.mp4,2288,3
goose.mp4,2289,3
goose.mp4,2290,3
goose.mp4,2291,3
goose.mp4,2292,3
goose.mp4,2293,3
goose.mp4,2294,3
goose.mp4,2295,3
goose.mp4,2296,3
goose.mp4,2297,3
goose.mp4,2298,3
goose.mp4,2299,2
goose.mp4,2300,2
goose.mp4,2301,2
goose.mp4,2302,2
goose.mp4,2303,2
goose.mp4,2304,2
goose.mp4,2305,2
goose.mp4,2306,2
goose.mp4,2307,2
goose.mp4,2308,3
goose.mp4,2309,3
goose.mp4,2310,3
goose.mp4,2311,3
goose.mp4,2312,3
goose.mp4,2313,4
goose.mp4,2314,3
goose.mp4,2315,3
goose.mp4,2316,3
goose.mp4,2317,2
goose.mp4,2318,2
goose.mp4,2319,3
goose.mp4,2320,2
goose.mp4,2321,4
goose.mp4,2322,4
goose.mp4,2323,4
goose.mp4,2324,4
goose.mp4,2325,4
goose.mp4,2326,4
goose.mp4,2327,4
goose.mp4,2328,4
goose.mp4,2329,4
goose.mp4,2330,4
goose.mp4,2331,4
goose.mp4,2332,4
goose.mp4,2333,4
goose.mp4,2334,4
goose.mp4,2335,3
goose.mp4,2336,5
goose.mp4,2337,4
goose.mp4,2338,4
goose.mp4,2339,4
goose.mp4,2340,4
goose.mp4,2341,4
goose.mp4,2342,4
goose.mp4,2343,5
goose.mp4,2344,6
goose.mp4,2345,6
goose.mp4,2346,6
goose.mp4,2347,5
goose.mp4,2348,5
goose.mp4,2349,5
goose.mp4,2350,5
goose.mp4,2351,5
goose.mp4,2352,5
goose.mp4,2353,5
goose.mp4,2354,5
goose.mp4,2355,5
goose.mp4,2356,5
goose.mp4,2357,5
goose.mp4,2358,5
goose.mp4,2359,5
goose.mp4,2360,5
goose.mp4,2361,5
goose.mp4,2362,5
goose.mp4,2363,5
goose.mp4,2364,5
goose.mp4,2365,5
goose.mp4,2366,5
goose.mp4,2367,5
goose.mp4,2368,5
goose.mp4,2369,5
goose.mp4,2370,5
goose.mp4,2371,5
goose.mp4,2372,5
goose.mp4,2373,5
goose.mp4,2374,5
goose.mp4,2375,5
goose.mp4,2376,5
goose.mp4,2377,4
goose.mp4,2378,5
goose.mp4,2379,5
goose.mp4,2380,5
goose.mp4,2381,5
goose.mp4,2382,5
goose.mp4,2383,5
goose.mp4,2384,5
goose.mp4,2385,5
goose.mp4,2386,5
goose.mp4,2387,5
goose.mp4,2388,5
goose.mp4,2389,5
goose.mp4,2390,5
goose.mp4,2391,5
goose.mp4,2392,5
goose.mp4,2393,5
goose.mp4,2394,5
goose.mp4,2395,5
goose.mp4,2396,5
goose.mp4,2397,5
goose.mp4,2398,5
goose.mp4,2399,5
goose.mp4,2400,5
goose.mp4,2401,5
goose.mp4,2402,5
goose.mp4,2403,5
goose.mp4,2404,5
goose.mp4,2405,5
goose.mp4,2406,5
goose.mp4,2407,5
goose.mp4,2408,5
goose.mp4,2409,5
goose.mp4,2410,5
goose.mp4,2411,5
goose.mp4,2412,2
goose.mp4,2413,2
goose.mp4,2414,2
goose.mp4,2415,2
goose.mp4,2416,2
goose.mp4,2417,2
goose.mp4,2418,2
goose.mp4,2419,2
goose.mp4,2420,2
goose.mp4,2421,2
goose.mp4,2422,2
goose.mp4,2423,2
goose.mp4,2424,2
goose.mp4,2425,2
goose.mp4,2426,3
goose.mp4,2427,3
goose.mp4,2428,3
goose.mp4,2429,3
goose.mp4,2430,3
goose.mp4,2431,3
goose.mp4,2432,3
goose.mp4,2433,2
goose.mp4,2434,2
goose.mp4,2435,2
goose.mp4,2436,2
goose.mp4,2437,3
goose.mp4,2438,3
goose.mp4,2439,4
goose.mp4,2440,3
goose.mp4,2441,3
goose.mp4,2442,3
goose.mp4,2443,3
goose.mp4,2444,3
goose.mp4,2445,2
goose.mp4,2446,2
goose.mp4,2447,2
goose.mp4,2448,3
goose.mp4,2449,3
goose.mp4,2450,3
goose.mp4,2451,3
goose.mp4,2452,3
goose.mp4,2453,3
goose.mp4,2454,3
goose.mp4,2455,3
goose.mp4,2456,3
goose.mp4,2457,3
goose.mp4,2458,3
goose.mp4,2459,3
goose.mp4,2460,2
goose.mp4,2461,2
goose.mp4,2462,3
goose.mp4,2463,3
goose.mp4,2464,3
goose.mp4,2465,3
goose.mp4,2466,3
goose.mp4,2467,3
goose.mp4,2468,3
goose.mp4,2469,3
goose.mp4,2470,3
goose.mp4,2471,3
goose.mp4,2472,3
goose.mp4,2473,3
goose.mp4,2474,3
goose.mp4,2475,3
goose.mp4,2476,3
goose.mp4,2477,3
goose.mp4,2478,3
goose.mp4,2479,3
goose.mp4,2480,3
goose.mp4,2481,3
goose.mp4,2482,3
goose.mp4,2483,3
goose.mp4,2484,3
goose.mp4,2485,3
goose.mp4,2486,3
goose.mp4,2487,3
goose.mp4,2488,3
goose.mp4,2489,3
goose.mp4,2490,3
goose.mp4,2491,3
goose.mp4,2492,3
goose.mp4,2493,3
goose.mp4,2494,3
goose.mp4,2495,3
goose.mp4,2496,3
goose.mp4,2497,3
goose.mp4,2498,3
goose.mp4,2499,3
goose.mp4,2500,3
goose.mp4,2501,3
goose.mp4,2502,3
goose.mp4,2503,3
goose.mp4,2504,3
goose.mp4,2505,3
goose.mp4,2506,3
goose.mp4,2507,3
goose.mp4,2508,3
goose.mp4,2509,3
goose.mp4,2510,3
goose.mp4,2511,3
goose.mp4,2512,3
goose.mp4,2513,3
goose.mp4,2514,3
goose.mp4,2515,3
goose.mp4,2516,3
goose.mp4,2517,3
goose.mp4,2518,3
goose.mp4,2519,3
goose.mp4,2520,3
goose.mp4,2521,3
goose.mp4,2522,3
goose.mp4,2523,3
goose.mp4,2524,2
goose.mp4,2525,3
goose.mp4,2526,3
goose.mp4,2527,3
goose.mp4,2528,4
goose.mp4,2529,5
goose.mp4,2530,5
goose.mp4,2531,5
goose.mp4,2532,5
goose.mp4,2533,5
goose.mp4,2534,4
goose.mp4,2535,4
goose.mp4,2536,4
goose.mp4,2537,4
goose.mp4,2538,4
goose.mp4,2539,4
goose.mp4,2540,4
goose.mp4,2541,4
goose.mp4,2542,4
goose.mp4,2543,4
goose.mp4,2544,4
goose.mp4,2545,4
goose.mp4,2546,4
goose.mp4,2547,4
goose.mp4,2548,4
goose.mp4,2549,4
goose.mp4,2550,5
goose.mp4,2551,5
goose.mp4,2552,5
goose.mp4,2553,4
goose.mp4,2554,4
goose.mp4,2555,4
goose.mp4,2556,4
goose.mp4,2557,4
goose.mp4,2558,4
goose.mp4,2559,4
goose.mp4,2560,4
goose.mp4,2561,4
goose.mp4,2562,4
goose.mp4,2563,4
goose.mp4,2564,4
goose.mp4,2565,4
goose.mp4,2566,4
goose.mp4,2567,4
goose.mp4,2568,4
goose.mp4,2569,4
goose.mp4,2570,4
goose.mp4,2571,4
goose.mp4,2572,4
goose.mp4,2573,4
goose.mp4,2574,4
goose.mp4,2575,4
goose.mp4,2576,4
goose.mp4,2577,4
goose.mp4,2578,4
goose.mp4,2579,4
goose.mp4,2580,4
goose.mp4,2581,4
goose.mp4,2582,4
goose.mp4,2583,4
goose.mp4,2584,4
goose.mp4,2585,4
goose.mp4,2586,4
goose.mp4,2587,3
goose.mp4,2588,3
goose.mp4,2589,3
goose.mp4,2590,3
goose.mp4,2591,3
goose.mp4,2592,3
goose.mp4,2593,3
goose.mp4,2594,3
goose.mp4,2595,3
goose.mp4,2596,3
goose.mp4,2597,3
goose.mp4,2598,3
goose.mp4,2599,3
goose.mp4,2600,3
goose.mp4,2601,3
goose.mp4,2602,3
goose.mp4,2603,3
goose.mp4,2604,3
goose.mp4,2605,3
goose.mp4,2606,3
goose.mp4,2607,3
goose.mp4,2608,3
goose.mp4,2609,2
goose.mp4,2610,2
goose.mp4,2611,2
goose.mp4,2612,3
goose.mp4,2613,2
goose.mp4,2614,2
goose.mp4,2615,2
goose.mp4,2616,2
goose.mp4,2617,2
goose.mp4,2618,2
goose.mp4,2619,2
goose.mp4,2620,2
goose.mp4,2621,2
goose.mp4,2622,2
goose.mp4,2623,2
goose.mp4,2624,2
goose.mp4,2625,3
goose.mp4,2626,3
goose.mp4,2627,3
goose.mp4,2628,2
goose.mp4,2629,2
goose.mp4,2630,2
goose.mp4,2631,2
goose.mp4,2632,3
goose.mp4,2633,3
goose.mp4,2634,2
goose.mp4,2635,2
goose.mp4,2636,2
goose.mp4,2637,2
goose.mp4,2638,2
goose.mp4,2639,2
goose.mp4,2640,2
goose.mp4,2641,2
goose.mp4,2642,2
goose.mp4,2643,2
goose.mp4,2644,3
goose.mp4,2645,1
goose.mp4,2646,1
goose.mp4,2647,5
goose.mp4,2648,5
goose.mp4,2649,3
goose.mp4,2650,3
goose.mp4,2651,3
goose.mp4,2652,3
goose.mp4,2653,4
goose.mp4,2654,4
goose.mp4,2655,4
goose.mp4,2656,4
goose.mp4,2657,4
goose.mp4,2658,2
goose.mp4,2659,2
goose.mp4,2660,2
goose.mp4,2661,2
goose.mp4,2662,1
goose.mp4,2663,1
goose.mp4,2664,2
goose.mp4,2665,2
goose.mp4,2666,2
goose.mp4,2667,1
goose.mp4,2668,1
goose.mp4,2669,1
goose.mp4,2670,1
goose.mp4,2671,1
goose.mp4,2672,2
goose.mp4,2673,2
goose.mp4,2674,2
goose.mp4,2675,1
goose.mp4,2676,2
goose.mp4,2677,1
goose.mp4,2678,2
goose.mp4,2679,1
goose.mp4,2680,1
goose.mp4,2681,1
goose.mp4,2682,2
goose.mp4,2683,2
goose.mp4,2684,3
goose.mp4,2685,3
goose.mp4,2686,3
goose.mp4,2687,3
goose.mp4,2688,2
goose.mp4,2689,3
goose.mp4,2690,3
goose.mp4,2691,3
goose.mp4,2692,3
goose.mp4,2693,2
goose.mp4,2694,3
goose.mp4,2695,2
goose.mp4,2696,2
goose.mp4,2697,3
goose.mp4,2698,3
goose.mp4,2699,4
goose.mp4,2700,3
goose.mp4,2701,4
goose.mp4,2702,3
goose.mp4,2703,3
goose.mp4,2704,3
goose.mp4,2705,3
goose.mp4,2706,4
goose.mp4,2707,4
goose.mp4,2708,5
goose.mp4,2709,3
goose.mp4,2710,3
goose.mp4,2711,4
goose.mp4,2712,3
goose.mp4,2713,3
goose.mp4,2714,4
goose.mp4,2715,4
goose.mp4,2716,3
goose.mp4,2717,3
goose.mp4,2718,2
goose.mp4,2719,3
goose.mp4,2720,2
goose.mp4,2721,4
goose.mp4,2722,3
goose.mp4,2723,3
goose.mp4,2724,3
goose.mp4,2725,3
goose.mp4,2726,2
goose.mp4,2727,4
goose.mp4,2728,3
goose.mp4,2729,4
goose.mp4,2730,4
goose.mp4,2731,4
goose.mp4,2732,2
goose.mp4,2733,4
goose.mp4,2734,2
goose.mp4,2735,3
goose.mp4,2736,3
goose.mp4,2737,3
goose.mp4,2738,3
goose.mp4,2739,3
goose.mp4,2740,4
goose.mp4,2741,4
goose.mp4,2742,3
goose.mp4,2743,3
goose.mp4,2744,4
goose.mp4,2745,4
goose.mp4,2746,3
goose.mp4,2747,3
goose.mp4,2748,5
goose.mp4,2749,3
goose.mp4,2750,2
goose.mp4,2751,3
goose.mp4,2752,3
goose.mp4,2753,3
goose.mp4,2754,4
goose.mp4,2755,3
goose.mp4,2756,4
goose.mp4,2757,3
goose.mp4,2758,4
goose.mp4,2759,4
goose.mp4,2760,4
goose.mp4,2761,3
goose.mp4,2762,3
goose.mp4,2763,3
goose.mp4,2764,4
goose.mp4,2765,4
goose.mp4,2766,3
goose.mp4,2767,3
goose.mp4,2768,4
goose.mp4,2769,4
goose.mp4,2770,5
goose.mp4,2771,4
goose.mp4,2772,4
goose.mp4,2773,3
goose.mp4,2774,3
goose.mp4,2775,3
goose.mp4,2776,3
goose.mp4,2777,3
goose.mp4,2778,4
goose.mp4,2779,4
goose.mp4,2780,3
goose.mp4,2781,3
goose.mp4,2782,3
goose.mp4,2783,3
goose.mp4,2784,3
goose.mp4,2785,4
goose.mp4,2786,2
goose.mp4,2787,2
goose.mp4,2788,2
goose.mp4,2789,2
goose.mp4,2790,2
goose.mp4,2791,3
goose.mp4,2792,2
goose.mp4,2793,3
goose.mp4,2794,3
goose.mp4,2795,4
goose.mp4,2796,4
goose.mp4,2797,5
goose.mp4,2798,4
goose.mp4,2799,4
goose.mp4,2800,4
goose.mp4,2801,4
goose.mp4,2802,4
goose.mp4,2803,4
goose.mp4,2804,3
goose.mp4,2805,3
goose.mp4,2806,4
goose.mp4,2807,4
goose.mp4,2808,4
goose.mp4,2809,4
goose.mp4,2810,4
goose.mp4,2811,3
goose.mp4,2812,4
goose.mp4,2813,4
goose.mp4,2814,4
goose.mp4,2815,4
goose.mp4,2816,3
goose.mp4,2817,3
goose.mp4,2818,3
goose.mp4,2819,3
goose.mp4,2820,3
goose.mp4,2821,3
goose.mp4,2822,3
goose.mp4,2823,4
goose.mp4,2824,4
goose.mp4,2825,3
goose.mp4,2826,3
goose.mp4,2827,3
goose.mp4,2828,3
goose.mp4,2829,3
goose.mp4,2830,3
goose.mp4,2831,3
goose.mp4,2832,3
goose.mp4,2833,3
goose.mp4,2834,3
goose.mp4,2835,3
goose.mp4,2836,3
goose.mp4,2837,3
goose.mp4,2838,3
goose.mp4,2839,3
goose.mp4,2840,3
goose.mp4,2841,3
goose.mp4,2842,3
goose.mp4,2843,3
goose.mp4,2844,4
goose.mp4,2845,4
goose.mp4,2846,3
goose.mp4,2847,4
goose.mp4,2848,4
goose.mp4,2849,3
goose.mp4,2850,4
goose.mp4,2851,4
goose.mp4,2852,3
goose.mp4,2853,3
goose.mp4,2854,4
goose.mp4,2855,3
goose.mp4,2856,3
goose.mp4,2857,3
goose.mp4,2858,3
goose.mp4,2859,3
goose.mp4,2860,4
goose.mp4,2861,3
goose.mp4,2862,2
goose.mp4,2863,3
goose.mp4,2864,3
goose.mp4,2865,2
goose.mp4,2866,4
goose.mp4,2867,3
goose.mp4,2868,3
goose.mp4,2869,3
goose.mp4,2870,3
goose.mp4,2871,3
goose.mp4,2872,3
goose.mp4,2873,3
goose.mp4,2874,3
goose.mp4,2875,3
goose.mp4,2876,4
goose.mp4,2877,5
goose.mp4,2878,4
goose.mp4,2879,4
goose.mp4,2880,5
goose.mp4,2881,4
goose.mp4,2882,4
goose.mp4,2883,4
goose.mp4,2884,4
goose.mp4,2885,4
goose.mp4,2886,4
goose.mp4,2887,4
goose.mp4,2888,4
goose.mp4,2889,5
goose.mp4,2890,4
goose.mp4,2891,4
goose.mp4,2892,5
goose.mp4,2893,4
goose.mp4,2894,5
goose.mp4,2895,3
goose.mp4,2896,3
goose.mp4,2897,3
goose.mp4,2898,3
goose.mp4,2899,3
goose.mp4,2900,5
goose.mp4,2901,4
goose.mp4,2902,5
goose.mp4,2903,4
goose.mp4,2904,4
goose.mp4,2905,4
goose.mp4,2906,4
goose.mp4,2907,4
goose.mp4,2908,3
goose.mp4,2909,3
goose.mp4,2910,3
goose.mp4,2911,4
goose.mp4,2912,4
goose.mp4,2913,4
goose.mp4,2914,4
goose.mp4,2915,4
goose.mp4,2916,4
goose.mp4,2917,3
goose.mp4,2918,3
goose.mp4,2919,3
goose.mp4,2920,3
goose.mp4,2921,3
goose.mp4,2922,3
goose.mp4,2923,3
goose.mp4,2924,3
goose.mp4,2925,3
goose.mp4,2926,4
goose.mp4,2927,4
goose.mp4,2928,4
goose.mp4,2929,4
goose.mp4,2930,4
goose.mp4,2931,4
goose.mp4,2932,4
goose.mp4,2933,3
goose.mp4,2934,4
goose.mp4,2935,4
goose.mp4,2936,5
goose.mp4,2937,4
goose.mp4,2938,4
goose.mp4,2939,4
goose.mp4,2940,4
goose.mp4,2941,4
goose.mp4,2942,4
goose.mp4,2943,4
goose.mp4,2944,4
goose.mp4,2945,4
goose.mp4,2946,4
goose.mp4,2947,3
goose.mp4,2948,4
goose.mp4,2949,4
goose.mp4,2950,4
goose.mp4,2951,4
goose.mp4,2952,5
goose.mp4,2953,5
goose.mp4,2954,5
goose.mp4,2955,4
goose.mp4,2956,4
goose.mp4,2957,4
goose.mp4,2958,4
goose.mp4,2959,3
goose.mp4,2960,3
goose.mp4,2961,3
goose.mp4,2962,3
goose.mp4,2963,3
goose.mp4,2964,3
goose.mp4,2965,4
goose.mp4,2966,3
goose.mp4,2967,3
goose.mp4,2968,3
goose.mp4,2969,3
goose.mp4,2970,4
goose.mp4,2971,4
goose.mp4,2972,4
goose.mp4,2973,4
goose.mp4,2974,4
goose.mp4,2975,4
goose.mp4,2976,4
goose.mp4,2977,4
goose.mp4,2978,3
goose.mp4,2979,4
goose.mp4,2980,5
goose.mp4,2981,4
goose.mp4,2982,4
goose.mp4,2983,4
goose.mp4,2984,4
goose.mp4,2985,5
goose.mp4,2986,5
goose.mp4,2987,3
goose.mp4,2988,4
goose.mp4,2989,5
goose.mp4,2990,5
goose.mp4,2991,5
goose.mp4,2992,4
goose.mp4,2993,4
goose.mp4,2994,4
goose.mp4,2995,4
goose.mp4,2996,4
goose.mp4,2997,4
goose.mp4,2998,4
goose.mp4,2999,4
goose.mp4,3000,4
goose.mp4,3001,4
goose.mp4,3002,4
goose.mp4,3003,4
goose.mp4,3004,3
goose.mp4,3005,3
goose.mp4,3006,3
goose.mp4,3007,4
goose.mp4,3008,4
goose.mp4,3009,4
goose.mp4,3010,3
goose.mp4,3011,3
goose.mp4,3012,3
goose.mp4,3013,4
goose.mp4,3014,4
goose.mp4,3015,4
goose.mp4,3016,4
goose.mp4,3017,4
goose.mp4,3018,3
goose.mp4,3019,4
goose.mp4,3020,4
goose.mp4,3021,4
goose.mp4,3022,4
goose.mp4,3023,4
goose.mp4,3024,4
goose.mp4,3025,4
goose.mp4,3026,3
goose.mp4,3027,4
goose.mp4,3028,3
goose.mp4,3029,3
goose.mp4,3030,3
goose.mp4,3031,2
goose.mp4,3032,2
goose.mp4,3033,2
goose.mp4,3034,2
goose.mp4,3035,2
goose.mp4,3036,3
goose.mp4,3037,2
goose.mp4,3038,2
goose.mp4,3039,2
goose.mp4,3040,2
goose.mp4,3041,2
goose.mp4,3042,3
goose.mp4,3043,3
goose.mp4,3044,3
goose.mp4,3045,3
goose.mp4,3046,2
goose.mp4,3047,2
goose.mp4,3048,2
goose.mp4,3049,2
goose.mp4,3050,2
goose.mp4,3051,2
goose.mp4,3052,2
goose.mp4,3053,2
goose.mp4,3054,2
goose.mp4,3055,2
goose.mp4,3056,2
goose.mp4,3057,2
goose.mp4,3058,2
goose.mp4,3059,2
goose.mp4,3060,2
goose.mp4,3061,2
goose.mp4,3062,2
goose.mp4,3063,2
goose.mp4,3064,2
goose.mp4,3065,2
goose.mp4,3066,2
goose.mp4,3067,2
goose.mp4,3068,2
goose.mp4,3069,2
goose.mp4,3070,2
goose.mp4,3071,2
goose.mp4,3072,2
goose.mp4,3073,2
goose.mp4,3074,2
goose.mp4,3075,2
goose.mp4,3076,2
goose.mp4,3077,2
goose.mp4,3078,2
goose.mp4,3079,2
goose.mp4,3080,2
goose.mp4,3081,2
goose.mp4,3082,2
goose.mp4,3083,2
goose.mp4,3084,2
goose.mp4,3085,2
goose.mp4,3086,2
goose.mp4,3087,2
goose.mp4,3088,2
goose.mp4,3089,2
goose.mp4,3090,2
goose.mp4,3091,2
goose.mp4,3092,3
goose.mp4,3093,3
goose.mp4,3094,2
goose.mp4,3095,2
goose.mp4,3096,2
goose.mp4,3097,2
goose.mp4,3098,2
goose.mp4,3099,2
goose.mp4,3100,3
goose.mp4,3101,0
goose.mp4,3102,0
goose.mp4,3103,1
goose.mp4,3104,1
goose.mp4,3105,1
goose.mp4,3106,1
